{
  "project_info": {
    "project_number": "929936546526",
    "firebase_url": "https://test-39777-default-rtdb.asia-southeast1.firebasedatabase.app",
    "project_id": "test-39777",
    "storage_bucket": "test-39777.appspot.com"
  },
  "client": [
    {
      "client_info": {
        "mobilesdk_app_id": "1:929936546526:android:3da2b281b8ba5d4a75804f",
        "android_client_info": {
          "package_name": "com.example.coalt"
        }
      },
      "oauth_client": [],
      "api_key": [
        {
          "current_key": "AIzaSyAELwfnvSMUFgwmTdVkH5oQ2G7xoAdNDoM"
        }
      ],
      "services": {
        "appinvite_service": {
          "other_platform_oauth_client": []
        }
      }
    },
    {
      "client_info": {
        "mobilesdk_app_id": "1:929936546526:android:4321c23665fccc5075804f",
        "android_client_info": {
          "package_name": "com.example.selfine_coalt"
        }
      },
      "oauth_client": [],
      "api_key": [
        {
          "current_key": "AIzaSyAELwfnvSMUFgwmTdVkH5oQ2G7xoAdNDoM"
        }
      ],
      "services": {
        "appinvite_service": {
          "other_platform_oauth_client": []
        }
      }
    }
  ],
  "configuration_version": "1"
}